<?xml version="1.0"?>
<doc>
    <assembly>
        <name>ProjectMotion</name>
    </assembly>
    <members>
        <member name="T:ProjectMotion.Feedback.FeedbackExtensions">
            <summary>
            Feedback extensions implementation class
            </summary>
        </member>
        <member name="M:ProjectMotion.Feedback.FeedbackExtensions.Vibrate(ProjectMotion.MotionEngine,System.Int32)">
            <summary>
            Vibrates the device
            </summary>
            <param name="Engine">MotionEngine</param>
            <param name="Intensity">The strength of the vibration</param>
        </member>
        <member name="T:ProjectMotion.Input.InputExtensions">
            <summary>
            Feedback extensions implementation class
            </summary>
        </member>
        <member name="T:ProjectMotion.MotionCapability">
            <summary>
            Represent a function MotionDevice is capable of
            </summary>
        </member>
        <member name="P:ProjectMotion.MotionCapability.Name">
            <summary>
            The friendly name of the function
            </summary>
        </member>
        <member name="P:ProjectMotion.MotionCapability.ID">
            <summary>
            Function ID
            </summary>
        </member>
        <member name="P:ProjectMotion.MotionCapability.CapabilityType">
            <summary>
            Type of capability
            </summary>
        </member>
        <member name="T:ProjectMotion.CapabilityType">
            <summary>
            Motion device's capability types
            </summary>
        </member>
        <member name="F:ProjectMotion.CapabilityType.Input">
            <summary>
            Represent the capability is a input to the host application
            </summary>
        </member>
        <member name="F:ProjectMotion.CapabilityType.Output">
            <summary>
            Represent the capability is a output of the host application
            </summary>
        </member>
        <member name="T:ProjectMotion.MotionDevice">
            <summary>
            Device representation for MotionEngine
            </summary>
        </member>
        <member name="P:ProjectMotion.MotionDevice.Name">
            <summary>
            Device's friendly name
            </summary>
        </member>
        <member name="P:ProjectMotion.MotionDevice.Id">
            <summary>
            Device's ID
            </summary>
        </member>
        <member name="P:ProjectMotion.MotionDevice.Address">
            <summary>
            Address of the device
            </summary>
        </member>
        <member name="T:ProjectMotion.MotionEngine">
            <summary>
            MotionEngine base class
            Only one MotionEngine should be initialized at once
            </summary>
        </member>
        <member name="M:ProjectMotion.MotionEngine.#ctor">
            <summary>
            Initialize a new MotionEngine
            </summary>
        </member>
        <member name="M:ProjectMotion.MotionEngine.PickDevice">
            <summary>
            Prompts user to pick a paired bluetooth device using built-in UI
            </summary>
            <returns>MotionDevice user picked</returns>
        </member>
        <member name="M:ProjectMotion.MotionEngine.ListDevices">
            <summary>
            Get a list of paired bluetooth device
            Use the returned MotionDevice to be the parameter of ConnectToDevice
            </summary>
            <returns>A list of already paired device</returns>
        </member>
        <member name="M:ProjectMotion.MotionEngine.ConnectToDevice(ProjectMotion.MotionDevice)">
            <summary>
            Connect and initialize a MotionDevice
            </summary>
            <param name="device">The device to connect to, use ListDevices() to get the devices</param>
            <returns>Connection result</returns>
        </member>
        <member name="M:ProjectMotion.MotionEngine.SendData(System.Byte[])">
            <summary>
            Send data payload to the connected device
            </summary>
            <param name="Payload">The data to send</param>
        </member>
        <member name="M:ProjectMotion.MotionEngine.BeginPickDevice">
            <summary>
            Prompts user to pick a paired bluetooth device using built-in UI
            </summary>
            <returns>A MotionDevice user picked</returns>
        </member>
        <member name="M:ProjectMotion.MotionEngine.BeginListDevices">
            <summary>
            Get a list of paired bluetooth device
            Use the returned MotionDevice to be the parameter of ConnectToDevice
            </summary>
            <returns>A list of already paired device</returns>
        </member>
        <member name="M:ProjectMotion.MotionEngine.BeginConnectToDevice(ProjectMotion.MotionDevice)">
            <summary>
            Connect and initialize a MotionDevice
            </summary>
            <param name="device">The device to connect to, use ListDevices() to get the devices</param>
            <returns>Connection result</returns>
        </member>
        <member name="M:ProjectMotion.MotionEngine.BeginSendData(System.Byte[])">
            <summary>
            Send data payload to the connected device
            </summary>
            <param name="Payload">The data to send</param>
        </member>
    </members>
</doc>
